S.No.,Class,Subcategory_id,URL,Focus Word,Examples,Members
1,9,put-9.1-2,https://verbs.colorado.edu/verb-index/vn/put-9.1.php,put,"['They put upon me a brilliant, red helm.']","['place', 'put', 'set', 'stick']"
2,9,put_spatial-9.2-1,https://verbs.colorado.edu/verb-index/vn/put_spatial-9.2.php,lean,['The books lean against the shelf.'],"['dangle', 'hang', 'lean', 'perch', 'rest', 'sit', 'stand', 'suspend']"
3,9,funnel-9.3,https://verbs.colorado.edu/verb-index/vn/funnel-9.3.php,funneled,['I funneled the mixture into the bottle.'],"['channelize', 'dip', 'dunk', 'hoe', 'ladle', 'scoop', 'siphon', 'sop']"
4,9,butter-9.9,https://verbs.colorado.edu/verb-index/vn/butter-9.9.php,buttered,['Lora buttered the toast with unsalted butter.'],"['aromatize', 'asphalt', 'bait', 'black', 'blanket', 'blindfold', 'board', 'bread', 'brick', 'bridle', 'bronze', 'butter', 'buttonhole', 'calk', 'camouflage', 'cap', 'carpet', 'caulk', 'chrome', 'clay', 'cloak', 'coal', 'cork', 'crown', 'crumb', 'diaper', 'dope', 'drug', 'feather', 'fence', 'flour', 'forest', 'frame', 'frost', 'fuel', 'gag', 'garland', 'gas', 'glass', 'glaze', 'glove', 'graffiti', 'grass', 'gravel', 'grease', 'groove', 'halter', 'harness', 'hat', 'heel', 'ice', 'ink', 'insulate', 'label', 'leash', 'leaven', 'lipstick', 'lubricate', 'mantle', 'mulch', 'muzzle', 'nickel', 'oil', 'ornament', 'paint', 'panel', 'paper', 'parquet', 'patch', 'pepper', 'perfume', 'plank', 'plaster', 'poison', 'polish', 'pomade', 'poster', 'postmark', 'powder', 'punctuate', 'putty', 'robe', 'roof', 'rosin', 'rouge', 'rut', 'saddle', 'salt', 'salve', 'sand', 'sauce', 'scent', 'seed', 'sequin', 'shawl', 'shingle', 'shoe', 'shutter', 'side', 'silver', 'slate', 'slime', 'slipcover', 'sod', 'soil', 'sole', 'spice', 'stain', 'starch', 'stopper', 'stress', 'string', 'stucco', 'sugar', 'sulphur', 'tag', 'tar', 'tarmac', 'tassel', 'thatch', 'ticket', 'tile', 'tinsel', 'top', 'turf', 'varnish', 'veil', 'veneer', 'wallpaper', 'water', 'wax', 'wharf', 'whitewash', 'wreathe', 'yoke', 'zipcode']"
5,9,pocket-9.10,https://verbs.colorado.edu/verb-index/vn/pocket-9.10.php,pocketed,['Lydia pocketed the change in her left pocket.'],"['archive', 'bag', 'bank', 'barrack', 'beach', 'bed', 'bench', 'billet', 'bin', 'bottle', 'box', 'cage', 'can', 'case', 'cellar', 'cloister', 'coop', 'corral', 'crate', 'cup', 'file', 'fork', 'garage', 'hangar', 'house', 'imprison', 'jail', 'jar', 'jug', 'kennel', 'pasture', 'pen', 'pillory', 'pocket', 'pot', 'sheathe', 'shelve', 'shoulder', 'skewer', 'snare', 'spindle', 'spit', 'spool', 'string', 'tassel', 'tin', 'trap', 'tree', 'warehouse', 'wharf']"
6,10,cheat-10.6-1,https://verbs.colorado.edu/verb-index/vn/cheat-10.6.php,bilked,['The swindler bilked 20 dollars from his boss.'],"['burgle', 'con', 'cozen', 'drain', 'ease', 'milk', 'mulct', 'plunder', 'swindle']"
7,10,pit-10.7,https://verbs.colorado.edu/verb-index/vn/pit-10.7.php,boned,['The cook boned the fish.'],"['bark', 'beard', 'bone', 'burl', 'core', 'gill', 'gut', 'head', 'hull', 'husk', 'lint', 'louse', 'milk', 'peel', 'pinion', 'pip', 'pit', 'pith', 'pod', 'poll', 'pulp', 'rind', 'scale', 'scalp', 'seed', 'shell', 'shuck', 'skin', 'snail', 'stalk', 'stem', 'stone', 'string', 'tail', 'tassel', 'vein', 'weed', 'wind', 'worm', 'zest']"
8,10,mine-10.9,https://verbs.colorado.edu/verb-index/vn/mine-10.9.php,mined,['The men mined the gold from the abandoned mine.'],"['mine', 'quarry']"
9,10,steal-10.5,https://verbs.colorado.edu/verb-index/vn/steal-10.5.php,stole,['The thief stole the paint from the museum.'],"['abduct', 'annex', 'cabbage', 'carjack', 'commandeer', 'confiscate', 'emancipate', 'embezzle', 'extort', 'filch', 'highjack', 'kidnap', 'knock_off', 'liberate', 'lift', 'misappropriate', 'nobble', 'pickpocket', 'pinch', 'plagiarize', 'purloin', 'recapture', 'reclaim', 'recoup', 'redeem', 'repossess', 'rescue', 'rustle', 'seize', 'sequester', 'snatch_away', 'take', 'thieve', 'weasel_out', 'wrest']"
10,11,send-11.1,https://verbs.colorado.edu/verb-index/vn/send-11.1.php,sent,[ 'Nora sent the book from Paris.'],"['convey', 'deliver', 'dispatch', 'export', 'handdeliver', 'import', 'pass_on', 'port', 'post', 'return', 'shift', 'shunt', 'transfer', 'transport', 'transship']"
11,11,slide-11.2-1,https://verbs.colorado.edu/verb-index/vn/slide-11.2.php,slid,['Carla slid John the books.'],"['bounce', 'dart', 'float', 'roll', 'slide']"
12,11,carry-11.4-1,https://verbs.colorado.edu/verb-index/vn/carry-11.4.php,shoved,['Amanda shoved the box from the corner.'],"['heave', 'kick', 'push', 'shove', 'thrust']"
13,11,carry-11.4,https://verbs.colorado.edu/verb-index/vn/carry-11.4.php,carried,['Amanda carried the package to New York.'],"['carry', 'drag', 'draw', 'haul', 'heft', 'hoist', 'lug', 'nudge', 'pull', 'run', 'schlep', 'tote', 'tow', 'tug', 'yank']"
14,12,push-12-1,https://verbs.colorado.edu/verb-index/vn/push-12.php,yanked,['Nora yanked the button loose.'],"['jerk', 'pull', 'tug', 'yank', 'jostle', 'nudge', 'press', 'push', 'shove', 'squeeze', 'thrust']"
15,13,future_having-13.3,https://verbs.colorado.edu/verb-index/vn/future_having-13.3.php,promised,['I promised my house (to somebody).'],"['accord', 'advance', 'allocate', 'allot', 'apportion', 'assign', 'award', 'bequeath', 'cede', 'concede', 'devolve', 'extend', 'grant', 'guarantee', 'issue', 'leave', 'offer', 'owe', 'portion', 'promise', 'ration', 'reallocate', 'reassign', 'vote', 'will', 'yield']"
16,13,fulfilling-13.4.1,https://verbs.colorado.edu/verb-index/vn/fulfilling-13.4.1.php,presented,['Brown presented Jones with a plaque.'],"['issue', 'leave', 'present', 'trust']"
17,13,equip-13.4.2-1-1,https://verbs.colorado.edu/verb-index/vn/equip-13.4.2.php,burdened,['The huge load burdened the mule.'],"['armor', 'burden', 'compensate', 'encumber', 'fortify', 'overburden', 'weight']"
18,13,obtain-13.5.2,https://verbs.colorado.edu/verb-index/vn/obtain-13.5.2.php,obtained,['Carmen obtained the spare part from Diana.'],"['accept', 'accrue', 'accumulate', 'appropriate', 'arrogate', 'borrow', 'cadge', 'collect', 'commandeer', 'exact', 'grab', 'inherit', 'receive', 'recoup', 'recover', 'regain', 'retrieve', 'seize', 'select', 'snatch', 'source', 'subselect']"
19,13,berry-13.7,https://verbs.colorado.edu/verb-index/vn/berry-13.7.php,berry,['The children berry in the summer.'],"['antique', 'berry', 'birdnest', 'blackberry', 'clam', 'crab', 'fish', 'fowl', 'grouse', 'hawk', 'hay', 'log', 'mushroom', 'nest', 'nut', 'oyster', 'pearl', 'prawn', 'rabbit', 'scollop', 'seal', 'shark', 'shrimp', 'snail', 'snipe', 'sponge', 'whale', 'whelk', 'whore']"
20,13,contribute-13.2,https://verbs.colorado.edu/verb-index/vn/contribute-13.2.php,donated,['I donated my house (to somebody).'],"['abnegate', 'betroth', 'forgo', 'gift', 'hand_out', 'lose', 'pass_out', 'refer', 'relinquish', 'remit', 'resign', 'restore', 'shell_out']"
21,13,give-13.1,https://verbs.colorado.edu/verb-index/vn/give-13.1.php,lent,['They lent a bicycle to me.'],"['deal', 'lend', 'loan', 'pass', 'peddle', 'refund', 'render']"
22,13,fulfilling-13.4.1-1,https://verbs.colorado.edu/verb-index/vn/fulfilling-13.4.1.php,supplied,['Hess supplied its customers.'],"['credit', 'entrust', 'furnish', 'resupply', 'serve', 'supply']"
23,14,learn-14-2-1,https://verbs.colorado.edu/verb-index/vn/learn-14.php,learned,['The president learned of a coup plot that might endanger his life.'],"['assimilate', 'learn', 'read']"
24,16,concealment-16,https://verbs.colorado.edu/verb-index/vn/concealment-16.php,hid,['Frances hid the presents from Sally.'],"['block', 'cloister', 'conceal', 'curtain', 'impound', 'isolate', 'quarantine', 'repress', 'screen', 'seclude', 'sequester', 'shelter', 'suppress']"
25,17,throw-17.1,https://verbs.colorado.edu/verb-index/vn/throw-17.1.php,tossed,['Steve tossed the ball from the corner.'],"['cast', 'discard']"
26,17,pelt-17.2,https://verbs.colorado.edu/verb-index/vn/pelt-17.2.php,pelted,['Steve pelted Anna with acorns.'],"['bombard', 'buffet', 'pelt', 'pepperspray', 'shell', 'shower', 'stone']"
27,18,swat-18.2,https://verbs.colorado.edu/verb-index/vn/swat-18.2.php,swatted,['Paula swatted the fly with a dishcloth.'],"['bite', 'chop', 'claw', 'kick', 'paw', 'peck', 'punch', 'scratch', 'slice', 'slug', 'stab', 'swat', 'swipe']"
28,18,bump-18.4,https://verbs.colorado.edu/verb-index/vn/bump-18.4.php,hit,['The grocery cart hit against the wall.'],"['hit', 'run']"
29,21,carve-21.2-2,https://verbs.colorado.edu/verb-index/vn/carve-21.2.php,carves,['Marble carves easily.'],"['bore', 'carve', 'chop', 'crop', 'crumb', 'drill', 'file', 'lance', 'mangle', 'mill', 'mow', 'pink', 'prune', 'punch', 'sand', 'scollop', 'spear', 'tool', 'tread']"
30,21,carve-21.2-1,https://verbs.colorado.edu/verb-index/vn/carve-21.2.php,crushed,['Carol crushed the ice with a hammer.'],"['bruise', 'chip', 'cleave', 'crumble', 'crumple', 'crunch', 'crush', 'cube', 'dent', 'dice', 'fillet', 'flake', 'flatten', 'gash', 'gouge', 'grate', 'grind', 'mangle', 'mash', 'mince', 'nick', 'notch', 'perforate', 'pulverize', 'quarter', 'scollop', 'scrunch', 'shred', 'slice', 'slit', 'smash', 'squash', 'squish', 'trench']"
31,22,mix-22.1-2,https://verbs.colorado.edu/verb-index/vn/mix-22.1.php,connected,['These computers connected well.'],"['add', 'tie', 'connect', 'join', 'link', 'network', 'pair', 'pool', 'rejoin', 'unite']"
32,22,amalgamate-22.2,https://verbs.colorado.edu/verb-index/vn/amalgamate-22.2.php,alternate,['Folk songs alternate well with pop songs.'],['intermarry']
33,22,amalgamate-22.2-1,https://verbs.colorado.edu/verb-index/vn/amalgamate-22.2.php,incorporate,['Diabetics can now incorporate sugar into their desserts.'],"['couple', 'incorporate', 'integrate', 'match', 'overlap', 'amalgamate', 'coalesce', 'consolidate', 'intermingle']"
34,22,amalgamate-22.2-1-1,https://verbs.colorado.edu/verb-index/vn/amalgamate-22.2.php,intermingled,['The yolks and the whites intermingled.'],"['amalgamate', 'coalesce', 'consolidate', 'intermingle']"
35,22,amalgamate-22.2-3,https://verbs.colorado.edu/verb-index/vn/amalgamate-22.2.php,engaged,['John and Mary are engaged.'],"['oppose', 'figure', 'introduce', 'marry', 'remarry', 'wed', 'engage']"
36,22,amalgamate-22.2-3-1,https://verbs.colorado.edu/verb-index/vn/amalgamate-22.2.php,introduced,['John introduced Mary to me.'],"['figure', 'introduce', 'marry', 'remarry', 'wed']"
37,22,shake-22.3,https://verbs.colorado.edu/verb-index/vn/shake-22.3.php,whip,['Sugar and cream whip together easily.'],[]
38,22,shake-22.3-2,https://verbs.colorado.edu/verb-index/vn/shake-22.3.php,gathered,['Herman gathered the students together.'],"['band', 'baste', 'cluster', 'collate', 'collect', 'fix', 'gather', 'glom', 'group', 'herd', 'pair', 'roll', 'sew', 'shake', 'shuffle', 'stick', 'affix', 'agglutinate', 'attach', 'bind', 'bond', 'bundle', 'concatenate', 'fasten', 'fixate', 'graft', 'jumble', 'ligate', 'moor', 'package', 'secure', 'splice', 'toggle', 'weld']"
39,22,shake-22.3-2-1,https://verbs.colorado.edu/verb-index/vn/shake-22.3.php,spliced,['Herman spliced ropes.'],"['affix', 'agglutinate', 'attach', 'bind', 'bond', 'bundle', 'concatenate', 'fasten', 'fixate', 'graft', 'jumble', 'ligate', 'moor', 'package', 'secure', 'splice', 'toggle', 'weld']"
40,22,tape-22.4,https://verbs.colorado.edu/verb-index/vn/tape-22.4.php,tape,['Labels tape easily to that kind of cover.'],"['affix', 'anchor', 'band', 'belt', 'bolt', 'bond', 'bracket', 'buckle', 'button', 'cable', 'cement', 'chain', 'cinch', 'connect', 'epoxy', 'fasten', 'fetter', 'glue', 'gum', 'handcuff', 'harness', 'hinge', 'hitch', 'hook', 'knot', 'lace', 'lash', 'lasso', 'latch', 'leash', 'link', 'lock', 'loop', 'manacle', 'moor', 'muzzle', 'nail', 'padlock', 'paste', 'peg', 'pin', 'plaster', 'rivet', 'rope', 'screw', 'seal', 'shackle', 'skewer', 'solder', 'staple', 'stitch', 'strap', 'string', 'suture', 'tack', 'tape', 'tether', 'thread', 'thumbtack', 'tie', 'trammel', 'truss', 'weld', 'wire', 'yoke', 'zip']"
41,22,cling-22.5,https://verbs.colorado.edu/verb-index/vn/cling-22.5.php,clung,['The child and her mother clung together.'],"['adhere', 'cleave', 'cling']"
42,23,split-23.2,https://verbs.colorado.edu/verb-index/vn/split-23.2.php,blowed,[‘The twig blowed off the branch.'],"['blow', 'break', 'cut', 'draw', 'hack', 'hew', 'kick', 'knock', 'pry', 'pull', 'push', 'rip', 'roll', 'saw', 'shove', 'slip', 'sliver', 'snap', 'split', 'tear', 'tug', 'yank']"
43,23,disassemble-23.3,https://verbs.colorado.edu/verb-index/vn/disassemble-23.3.php,unscrewed,['I unscrewed the handle from the box.'],"['carve', 'detach', 'disassemble', 'disconnect', 'dismantle', 'dismount', 'pare', 'partition', 'segregate', 'sieve', 'sift', 'slice', 'sunder', 'unbolt', 'unbuckle', 'unbutton', 'unchain', 'unclamp', 'unclasp', 'unclip', 'unfasten', 'unfix', 'unglue', 'unhinge', 'unhitch', 'unhook', 'unlace', 'unlatch', 'unleash', 'unlock', 'unpeg', 'unpin', 'unscrew', 'unseal', 'unshackle', 'unstaple', 'unstitch', 'untie', 'unzip']"
44,23,differ-23.4,https://verbs.colorado.edu/verb-index/vn/differ-23.4.php,differed,['The winter schedule differed from the spring schedule.'],"['branch', 'deviate', 'differ', 'diverge', 'vary']"
45,23,separate-23.1,https://verbs.colorado.edu/verb-index/vn/separate-23.1.php,separated,['I separated the yolk and the white.'],"['disassociate', 'sever', 'uncoil']"
46,24,coloring-24,https://verbs.colorado.edu/verb-index/vn/coloring-24.php,colors,['Claire colors the picture red.'],"['color', 'distemper', 'dye', 'enamel', 'glaze', 'japan', 'lacquer', 'paint', 'repaint', 'shellac', 'spraypaint', 'stain', 'starch', 'tint', 'varnish']"
47,25,illustrate-25.3,https://verbs.colorado.edu/verb-index/vn/illustrate-25.3.php,decorated,['The jeweler decorated the ring with the name.'],"['address', 'adorn', 'autograph', 'bead', 'brand', 'date', 'decorate', 'embellish', 'endorse', 'gild', 'ice', 'illuminate', 'illustrate', 'initial', 'label', 'letter', 'monogram', 'ornament', 'redecorate', 'tag']"
48,25,transcribe-25.4,https://verbs.colorado.edu/verb-index/vn/transcribe-25.4.php,transcribed,['The secretary transcribed the speech into the record.'],"['chart', 'chronicle', 'copy', 'document', 'duplicate', 'film', 'forge', 'microfilm', 'photocopy', 'photograph', 'record', 'tally', 'tally_up', 'tape', 'televise', 'transcribe', 'type', 'videotape']"
49,26,build-26.1,https://verbs.colorado.edu/verb-index/vn/build-26.1.php,build,"['The contractor will build you a house for $100,000.']","['arrange', 'assemble', 'bake', 'bead', 'blow', 'cast', 'chisel', 'churn', 'compile', 'cook', 'crochet', 'develop', 'embroider', 'erect', 'fashion', 'fold', 'forge', 'formulate', 'grind', 'grow', 'hack', 'hammer', 'knit', 'mold', 'pound', 'reassemble', 'refashion', 'roll', 'sculpture', 'sew', 'spin', 'stitch', 'weave', 'whittle']"
50,26,grow-26.2,https://verbs.colorado.edu/verb-index/vn/grow-26.2.php,grow,[ 'An oak tree will grow from that acorn.'],"['develop', 'evolve', 'generate', 'grow', 'hatch', 'maturate', 'mature', 'redevelop']"
51,26,preparing-26.3-2,https://verbs.colorado.edu/verb-index/vn/preparing-26.3.php,grilled,['Donna grilled me steaks.'],"['barbecue', 'barbeque', 'boil', 'broil', 'clean', 'fry', 'grill', 'hardboil', 'iron', 'microwave', 'overbake', 'poach', 'pour', 'roast', 'scramble', 'set', 'softboil', 'toast', 'wash', 'weld']"
52,26,create-26.4,https://verbs.colorado.edu/verb-index/vn/create-26.4.php,designated,['They designed the Westinghouse-Mitsubishi venture as a non-equity transaction.'],"['author', 'coin', 'compose', 'compute', 'concoct', 'construct', 'contrive', 'cowrite', 'create', 'derive', 'draft', 'fabricate', 'form', 'formulate', 'improvise', 'invent', 'lay', 'manufacture', 'mass-produce', 'model', 'organize', 'piece_together', 'produce', 'rebuild', 'recreate', 'style', 'synthesize', 'write']"
53,26,create-26.4-1,https://verbs.colorado.edu/verb-index/vn/create-26.4.php,dug,['David dug me a hole.'],"['conjure', 'craft', 'design', 'dig', 'mint', 'publish', 'rearrange', 'reconstitute', 'reorganize', 'schedule', 'stage']"
54,26,turn-26.6.1,https://verbs.colorado.edu/verb-index/vn/turn-26.6.1.php,transformed,['The 1980s bull market transformed the U.S. securities business.'],"['alter', 'deform', 'metamorphose', 'morph', 'mutate', 'transform', 'translate', 'transmute']"
55,26,turn-26.6.1-1,https://verbs.colorado.edu/verb-index/vn/turn-26.6.1.php,converted,['The thrift converted to a stock form of ownership from a mutual form in April 1986.'],"['change', 'convert', 'turn']"
56,26,adjust-26.9,https://verbs.colorado.edu/verb-index/vn/adjust-26.9.php,adapted,['He adapted himself to waking up early.'],"['accommodate', 'adapt', 'adjust', 'assimilate', 'conform', 'fit', 'gear', 'readapt', 'readjust']"
57,26,preparing-26.3-1,https://verbs.colorado.edu/verb-index/vn/preparing-26.3.php,fixed,['Donna fixed me a sandwich.'],"['bake', 'blend', 'brew', 'clear', 'cook', 'cook_up', 'cultivate', 'fix', 'invent', 'kindle', 'light', 'mix', 'prepare', 'ready', 'roll', 'run', 'toss']"
58,27,engender-27,https://verbs.colorado.edu/verb-index/vn/engender-27.php,engender,['Racial inequality engenders conflict.'],"['actuate', 'arouse', 'beget', 'bring_about', 'call_forth', 'cause', 'create', 'elicit', 'engender', 'generate', 'incite', 'inspire', 'instigate', 'kindle', 'produce', 'prompt', 'provoke', 'set_off', 'shape', 'sire', 'spark', 'spawn', 'stimulate', 'stir_up']"
59,29,appoint-29.1,https://verbs.colorado.edu/verb-index/vn/appoint-29.1.php,elected,['We elected him governor.'],"['adopt', 'appoint', 'coronate', 'crown', 'designate', 'elect', 'install', 'mark', 'name', 'nominate', 'ordain', 'proclaim', 'reelect', 'upgrade', 'want']"
60,29,characterize-29.2,https://verbs.colorado.edu/verb-index/vn/characterize-29.2.php,characterized,['He characterized him as being smart.'],"['adopt', 'bill', 'cast', 'certify', 'class', 'classify', 'count', 'depict', 'detail', 'diagnose', 'envision', 'hail', 'interpret', 'judge', 'moot', 'paint', 'peg', 'perceive', 'picture', 'pidgeonhole', 'pigeonhole', 'praise', 'rank', 'recast', 'redraw', 'regard', 'select', 'specify', 'stamp', 'stereotype', 'subselect', 'take', 'treat', 'typecast']"
61,29,characterize-29.2-1,https://verbs.colorado.edu/verb-index/vn/characterize-29.2.php,described,['He described what we should do.'],"['characterize', 'conceive', 'know', 'see', 'underestimate', 'view', 'accept', 'define', 'describe', 'envisage', 'identify', 'imagine', 'portray', 'recollect', 'remember', 'represent', 'visualize', 'report', 'reveal']"
62,29,declare-29.4,https://verbs.colorado.edu/verb-index/vn/declare-29.4.php,maintained,['The president maintained Smith to be a good man.'],[]
63,29,declare-29.4-1,https://verbs.colorado.edu/verb-index/vn/declare-29.4.php,declared,['The president declared John as stupid.'],"['maintain', 'prove', 'declare', 'find', 'judge', 'profess']"
64,29,declare-29.4-1-1,https://verbs.colorado.edu/verb-index/vn/declare-29.4.php,professed,['John professed loving the miscreants.'],"['prove', 'declare', 'find', 'judge', 'profess']"
65,29,declare-29.4-1-1-2,https://verbs.colorado.edu/verb-index/vn/declare-29.4.php,judged,['John judged whether he should come.'],"['find', 'judge']"
66,29,captain-29.8,https://verbs.colorado.edu/verb-index/vn/captain-29.8.php,clerked,['Her cousin clerked for Judge Davis.'],"['butcher', 'judge', 'lawyer', 'midwife', 'model', 'prostitute', 'soldier', 'volunteer', 'whore']"
67,29,captain-29.8-1,https://verbs.colorado.edu/verb-index/vn/captain-29.8.php,tutored,['Miriam tutored her brother.'],"['babysit', 'boss', 'bully', 'butler', 'caddy', 'captain', 'champion', 'chaperone', 'chauffeur', 'clerk', 'coach', 'cox', 'crew', 'doctor', 'emcee', 'escort', 'guard', 'host', 'mother', 'nurse', 'partner', 'pilot', 'pioneer', 'police', 'referee', 'shepherd', 'skipper', 'sponsor', 'tailor', 'tutor', 'umpire', 'understudy', 'usher', 'valet', 'witness', 'star']"
68,29,captain-29.8-1-1,https://verbs.colorado.edu/verb-index/vn/captain-29.8.php,starred,['The show starred Miriam.'],['star']
69,29,classify-29.10,https://verbs.colorado.edu/verb-index/vn/classify-29.10.php,classified,['She classified the works as dangerous.’],"['bracket', 'catalogue', 'categorize', 'chunk', 'class', 'classify', 'code', 'constellate', 'grade', 'group', 'isolate', 'lump', 'number', 'reclassify', 'recode', 'regroup', 'seed', 'separate', 'sort', 'sort_out']"
70,29,dub-29.3,https://verbs.colorado.edu/verb-index/vn/dub-29.3.php,named,['The captain named the ship Seafarer.'],"['anoint', 'baptize', 'brand', 'call', 'christen', 'consecrate', 'crown', 'decree', 'dub', 'label', 'make', 'name', 'nickname', 'pronounce', 'rename', 'rule', 'stamp', 'style', 'term', 'vote']"
71,29,conjecture-29.5-1,https://verbs.colorado.edu/verb-index/vn/conjecture-29.5.php,feel,['The populace feel that the RIAA has too much power.'],"['allow', 'anticipate', 'believe', 'conjecture', 'deny', 'determine', 'doubt', 'expect', 'feel', 'foreknow', 'foresee', 'foretell', 'guess', 'hold', 'infer', 'know', 'mean', 'presume', 'prognosticate', 'prophesy', 'realize', 'recognize', 'repute', 'speculate', 'surmise', 'suspect', 'swear', 'trust', 'vaticinate']"
72,29,masquerade-29.6-1,https://verbs.colorado.edu/verb-index/vn/masquerade-29.6.php,acted,['Dina acted like a cretin.'],"['act', 'behave']"
73,29,consider-29.9,https://verbs.colorado.edu/verb-index/vn/consider-29.9.php,considered,['I considered how to be a professor.'],[]
74,30,peer-30.3,https://verbs.colorado.edu/verb-index/vn/peer-30.3.php,peered,['We peered at the baby.'],"['attend', 'check', 'eavesdrop', 'gape', 'gawk', 'gaze', 'glance', 'glare', 'goggle', 'leer', 'listen', 'look', 'ogle', 'peek', 'peep', 'peer', 'sniff', 'snoop', 'squint', 'stare']"
75,31,marvel-31.3,https://verbs.colorado.edu/verb-index/vn/marvel-31.3.php,suffer,['I will suffer.'],[]
76,31,marvel-31.3-1,https://verbs.colorado.edu/verb-index/vn/marvel-31.3.php,marveled,['Megan marveled at the Grand Canyon.'],"['chafe', 'cheer', 'cringe', 'enthuse', 'exult', 'flip_out', 'freak_out', 'fume', 'gladden', 'go_apeshit', 'go_ballistic', 'lose_it', 'madden', 'marvel', 'rage', 'rejoice', 'sadden', 'sicken', 'start', 'swoon', 'thrill', 'wonder']"
77,31,marvel-31.3-6,https://verbs.colorado.edu/verb-index/vn/marvel-31.3.php,approved,"[""I certainly approved of Mary's acquaitance.""]","['approve', 'beware', 'despair', 'disapprove', 'sicken', 'tire', 'weary']"
78,31,marvel-31.3-7,https://verbs.colorado.edu/verb-index/vn/marvel-31.3.php,grooved,['I grooved on David Lynch films.'],['groove']
79,31,appeal-31.4-2,https://verbs.colorado.edu/verb-index/vn/appeal-31.4.php,grates,['The music grates on me.'],"['grate', 'jar']"
80,31,amuse-31.1,https://verbs.colorado.edu/verb-index/vn/amuse-31.1.php,amused,['The clown amused the children.'],"['abash', 'affect', 'afflict', 'affront', 'aggravate', 'aggrieve', 'agitate', 'agonize', 'alarm', 'alienate', 'amaze', 'amuse', 'anger', 'annoy', 'antagonize', 'appall', 'appease', 'arouse', 'assuage', 'astonish', 'astound', 'awe', 'baffle', 'befuddle', 'beguile', 'bewilder', 'bewitch', 'boggle', 'bore', 'bother', 'browbeat', 'bug', 'calm', 'captivate', 'chagrin', 'charm', 'cheer', 'chill', 'cloy', 'comfort', 'concern', 'confound', 'confuse', 'console', 'content', 'convince', 'cow', 'crush', 'cut', 'daunt', 'daze', 'dazzle', 'deject', 'delight', 'demolish', 'demoralize', 'depress', 'devastate', 'disappoint', 'disarm', 'discombobulate', 'discomfit', 'discompose', 'disconcert', 'discourage', 'disgrace', 'disgruntle', 'disgust', 'dishearten', 'dishonour', 'disillusion', 'dismay', 'dispirit', 'displease', 'disquiet', 'dissatisfy', 'distract', 'distress', 'disturb', 'divert', 'dumbfound', 'elate', 'electrify', 'embarrass', 'embolden', 'enchant', 'encourage', 'enervate', 'enflame', 'engage', 'engross', 'enlighten', 'enliven', 'enrage', 'enrapture', 'entertain', 'enthrall', 'enthuse', 'entice', 'entrance', 'exasperate', 'excite', 'exhaust', 'exhilarate', 'fascinate', 'fatigue', 'faze', 'flabbergast', 'flatter', 'floor', 'flummox', 'fluster', 'fox', 'frighten', 'frustrate', 'fuddle', 'gall', 'galvanize', 'gladden', 'gratify', 'grieve', 'harass', 'harm', 'haunt', 'hearten', 'horrify', 'humble', 'humiliate', 'hurt', 'hypnotize', 'impair', 'impress', 'incense', 'inflame', 'infuriate', 'inspire', 'insult', 'interest', 'intimidate', 'intoxicate', 'intrigue', 'invigorate', 'irk', 'irritate', 'jade', 'jar', 'jollify', 'jolt', 'lull', 'madden', 'menace', 'mesmerize', 'miff', 'misguide', 'molest', 'mollify', 'mortify', 'move', 'muddle', 'mystify', 'nauseate', 'nettle', 'nonplus', 'numb', 'obsess', 'occupy', 'offend', 'outrage', 'overawe', 'overwhelm', 'pacify', 'pain', 'peeve', 'perplex', 'perturb', 'pester', 'pique', 'placate', 'plague', 'please', 'preoccupy', 'provoke', 'puzzle', 'quench', 'rag', 'rankle', 'ravish', 'reassure', 'recharge', 'refresh', 'rejuvenate', 'relax', 'relieve', 'repel', 'repulse', 'revitalize', 'revolt', 'rile', 'roil', 'ruffle', 'sadden', 'satiate', 'satisfy', 'scandalize', 'scare', 'shake', 'shame', 'shock', 'sicken', 'smite', 'sober', 'solace', 'soothe', 'spellbind', 'spook', 'stagger', 'startle', 'stimulate', 'sting', 'stir', 'strike', 'stump', 'stun', 'stupefy', 'surprise', 'tantalize', 'taunt', 'tease', 'tempt', 'terrify', 'terrorize', 'threaten', 'thrill', 'throw', 'tickle', 'tire', 'titillate', 'torment', 'torture', 'touch', 'transfix', 'transport', 'trouble', 'try', 'unnerve', 'unsettle', 'uplift', 'upset', 'vex', 'weary', 'worry', 'wound', 'wow']"
81,31,marvel-31.3-2,https://verbs.colorado.edu/verb-index/vn/marvel-31.3.php,cared,['We cared about the opera.'],"['bother', 'care', 'flip_out', 'freak_out', 'fret', 'go_apeshit', 'go_ballistic', 'lose_it', 'mind', 'moon', 'rage', 'rejoice', 'rhapsodize', 'stew', 'stress', 'sulk', 'worry']"
82,32,long-32.2,https://verbs.colorado.edu/verb-index/vn/long-32.2.php,hankered,['John hankered to move up the corporate ladder.'],[]
83,33,judgment-33,https://verbs.colorado.edu/verb-index/vn/judgment-33.php,praised,"[""They praised the volunteer's dedication.""]","['abuse', 'assault', 'backbite', 'blame', 'blaspheme', 'condone', 'gibe', 'imprecate', 'repay', 'slang']"
84,34,estimate-34.2,https://verbs.colorado.edu/verb-index/vn/estimate-34.2.php,estimated,[ 'He estimated that it would be likely.'],"['approximate', 'assess', 'count', 'estimate', 'gauge', 'guess', 'guesstimate', 'judge', 'project', 'quantize']"
85,35,ferret-35.6,https://verbs.colorado.edu/verb-index/vn/ferret-35.6.php,ferreted,['I ferreted the secret out of him.'],"['ferret', 'nose', 'tease']"
86,36,correspond-36.1,https://verbs.colorado.edu/verb-index/vn/correspond-36.1.php,agreed,[ 'They agreed about what should be done.'],"['banter', 'bargain', 'coexist', 'collaborate', 'collide', 'commiserate', 'communicate', 'compromise', 'concur', 'confabulate', 'confer', 'cooperate', 'correspond', 'decide', 'deliberate', 'disagree', 'dissent', 'flirt', 'haggle', 'hobnob', 'interact', 'intermix', 'mingle', 'mix', 'neck', 'negotiate', 'parley', 'plot', 'rendezvous', 'renegotiate', 'reunite']"
87,36,correspond-36.1-1-1,https://verbs.colorado.edu/verb-index/vn/correspond-36.1.php,debated,['We debated whether to clean the house.'],"['argue', 'debate']"
88,36,meet-36.3-1,https://verbs.colorado.edu/verb-index/vn/meet-36.3.php,met,['Brenda met with Molly.'],"['consult', 'deliberate', 'meet', 'play', 'remonstrate', 'reunite', 'visit']"
89,37,transfer_mesg-37.1.1-1,https://verbs.colorado.edu/verb-index/vn/transfer_mesg-37.1.1.php,taught,['Wanda taught the students French.'],"['dictate', 'quote', 'read', 'show', 'teach', 'tell', 'write']"
90,37,transfer_mesg-37.1.1-1-1,https://verbs.colorado.edu/verb-index/vn/transfer_mesg-37.1.1.php,told,[ 'She told him that he should not go.'],"['show', 'teach', 'tell', 'write']"
91,37,inquire-37.1.2,https://verbs.colorado.edu/verb-index/vn/inquire-37.1.2.php,asked,[ 'I asked him about it.'],"['ask', 'consult', 'enquire', 'inquire', 'pry']"
92,37,tell-37.2,https://verbs.colorado.edu/verb-index/vn/tell-37.2.php,informed,['John informed me that his situation had changed.'],"['acquaint', 'advise', 'apprise', 'inform', 'notify', 'remind', 'update']"
93,37,instr_communication-37.4,https://verbs.colorado.edu/verb-index/vn/instr_communication-37.4.php,cabled,['Heather cabled the news to Sara.'],"['broadcast', 'cable', 'e-mail', 'fax', 'modem', 'netmail', 'phone', 'radio', 'relay', 'satellite', 'semaphore', 'sign', 'signal', 'telecast', 'telegraph', 'telephone', 'telex', 'wire', 'wireless']"
94,37,overstate-37.12,https://verbs.colorado.edu/verb-index/vn/overstate-37.12.php,overstated,['He overstated the position.'],"['amplify', 'glorify', 'hyperbolize', 'magnify', 'overdraw', 'overemphasize', 'overrate', 'overstate', 'overstress', 'tout']"
95,37,interrogate-37.1.3,https://verbs.colorado.edu/verb-index/vn/interrogate-37.1.3.php,interrogated,['I interrogated him as a suspect.'],"['cross-examine', 'interrogate', 'interview', 'question']"
96,37,advise-37.9,https://verbs.colorado.edu/verb-index/vn/advise-37.9.php,warned,['Ellen warned Helen against skating on thin ice.'],"['alert', 'assure', 'brief', 'educate', 'encourage', 'inform', 'notify']"
97,37,confess-37.10,https://verbs.colorado.edu/verb-index/vn/confess-37.10.php,confessed,['He confessed himself flummoxed.'],"['acknowledge', 'admit', 'confess', 'fess_up', 'proclaim', 'reveal']"
98,37,promise-37.13,https://verbs.colorado.edu/verb-index/vn/promise-37.13.php,promised,['I promised him that he would arrive in time.'],"['ascertain', 'assure', 'guarantee', 'promise']"
99,39,dine-39.5,https://verbs.colorado.edu/verb-index/vn/dine-39.5.php,breakfasted,['Cynthia breakfasted on peaches.'],"['banquet', 'breakfast', 'brunch', 'dine', 'feast', 'graze', 'junket', 'lunch', 'luncheon', 'nosh', 'picnic', 'snack', 'sup']"
100,39,feeding-39.7,https://verbs.colorado.edu/verb-index/vn/feeding-39.7.php,bottlefed,[ 'Teresa bottlefed soy milk to the baby.'],"['bottlefeed', 'breastfeed', 'feed', 'force-feed', 'handfeed', 'nurse', 'spoonfeed', 'suckle']"
101,39,eat-39.1-1,https://verbs.colorado.edu/verb-index/vn/eat-39.1.php,ate,['Cynthia ate at the peach.'],['eat']
102,39,chew-39.2-1,https://verbs.colorado.edu/verb-index/vn/chew-39.2.php,nibbled,['Cynthia nibbled the carrot.'],"['chew', 'chomp', 'crunch', 'gnaw', 'gum', 'lick', 'masticate', 'munch', 'nibble', 'peck', 'pick', 'teethe']"
103,39,devour-39.4-1,https://verbs.colorado.edu/verb-index/vn/devour-39.4.php,devoured,['Cynthia devoured the pizza.'],"['consume', 'devour', 'down', 'have', 'ingest', 'smoke']"
104,40,hiccup-40.1.1,https://verbs.colorado.edu/verb-index/vn/hiccup-40.1.1.php,hiccuped,['Paul hiccuped.'],"['belch', 'blink', 'blush', 'burp', 'eruct', 'fart', 'flush', 'hiccup', 'pant', 'salivate', 'shiver', 'sneeze', 'sniffle', 'snore', 'snuff', 'snuffle', 'swallow', 'wheeze', 'yawn']"
105,40,exhale-40.1.3-1,https://verbs.colorado.edu/verb-index/vn/exhale-40.1.3.php,exhaled,['Paul exhaled a breath.'],"['defecate', 'exhale', 'expectorate', 'hemorrhage', 'perspire', 'regurgitate', 'urinate', 'whiff']"
106,40,curtsey-40.3.3,https://verbs.colorado.edu/verb-index/vn/curtsey-40.3.3.php,curtseyed,['The princess curtseyed her assent.'],"['bob', 'bow', 'curtsey', 'genuflect', 'kneel', 'salaam', 'salute']"
107,40,snooze-40.4,https://verbs.colorado.edu/verb-index/vn/snooze-40.4.php,snoozed,['Gloria snoozed.'],"['catnap', 'doze', 'drowse', 'nap', 'sleep', 'slumber', 'snooze']"
108,40,flinch-40.5,https://verbs.colorado.edu/verb-index/vn/flinch-40.5.php,flinched,[ 'Sharon flinched at the sight of the accident.'],"['balk', 'cower', 'cringe', 'flinch', 'quail', 'recoil', 'shrink', 'wince']"
109,40,body_internal_states-40.6,https://verbs.colorado.edu/verb-index/vn/body_internal_states-40.6.php,,['Sharon shivered from fear.'],"['convulse', 'cower', 'quake', 'quiver', 'shake', 'shiver', 'shudder', 'tremble', 'writhe']"
110,40,pain-40.8.1,https://verbs.colorado.edu/verb-index/vn/pain-40.8.1.php,itching,[ 'My eyes are itching from the smoke.'],"['ail', 'bother', 'burn', 'hurt', 'itch', 'pain', 'wrench']"
111,40,change_bodily_state-40.8.4,https://verbs.colorado.edu/verb-index/vn/change_bodily_state-40.8.4.php,fainted,['Sharon fainted at the sight of the accident.'],"['black_out', 'blanch', 'blench', 'doze_off', 'drift_off', 'faint', 'konk_out', 'nod_off', 'pale', 'pass_out', 'sicken', 'swoon', 'zonk_out']"
112,40,tingle-40.8.2,https://verbs.colorado.edu/verb-index/vn/tingle-40.8.2.php,pounding,['My heart is pounding from fear.'],"['ache', 'burn', 'hum', 'palpitate', 'pound', 'prickle', 'pucker', 'reel', 'smart', 'spin', 'split', 'sting', 'swim', 'throb', 'tickle', 'tingle', 'twinge']"
113,41,braid-41.2.2,https://verbs.colorado.edu/verb-index/vn/braid-41.2.2.php,brushed,['Celia brushed her baby hair.'],"['bob', 'braid', 'brush', 'clip', 'coldcream', 'comb', 'condition', 'crimp', 'crop', 'curl', 'cut', 'dye', 'file', 'gel', 'henna', 'highlight', 'lather', 'manicure', 'paint', 'part', 'perm', 'plait', 'pluck', 'powder', 'rinse', 'rouge', 'set', 'shampoo', 'soap', 'style', 'talc', 'tease', 'towel', 'trim', 'tweeze', 'wave', 'wax']"
114,41,simple_dressing-41.3.1,https://verbs.colorado.edu/verb-index/vn/simple_dressing-41.3.1.php,wears,['She always wears purple dresses.'],"['doff', 'don', 'wear']"
115,41,dressing_well-41.3.2,https://verbs.colorado.edu/verb-index/vn/dressing_well-41.3.2.php,spruced,['She spruced herself up before the job interview.'],"['doll', 'dress', 'gussy', 'spruce', 'tog', 'trick']"
116,41,being_dressed-41.3.3,https://verbs.colorado.edu/verb-index/vn/being_dressed-41.3.3.php,clad,['She was always clad in black.'],"['attire', 'clad', 'garb', 'outfit', 'robe']"
117,41,groom-41.1.2,https://verbs.colorado.edu/verb-index/vn/groom-41.1.2.php,groomed,['Sheila groomed the horse.'],"['cleanse', 'curry', 'groom', 'neaten']"
118,41,floss-41.2.1,https://verbs.colorado.edu/verb-index/vn/floss-41.2.1.php,flossed,['The hygienist flossed my teeth.'],"['brush', 'floss', 'shave', 'wash']"
119,42,subjugate-42.3,https://verbs.colorado.edu/verb-index/vn/subjugate-42.3.php,subjugated,['Winnie the Pooh subjugated the unfortunate Pixies.'],"['calm_down', 'choke', 'conquer', 'crush', 'curb', 'dampen', 'disenfranchise', 'enslave', 'gag', 'hush', 'hush_up', 'keep_down', 'kill', 'lull', 'mob', 'muffle', 'muzzle', 'nourish', 'quash', 'quell', 'quench', 'reduce', 'repress', 'shut_up', 'silence', 'slake', 'smother', 'squelch', 'stamp_down', 'stifle', 'still', 'strangle', 'subdue', 'subjugate', 'suffocate', 'suppress']"
120,43,light_emission-43.1,https://verbs.colorado.edu/verb-index/vn/light_emission-43.1.php,sparkled,['Jewels sparkled on the crown.'],"['beam', 'blaze', 'blink', 'burn', 'flame', 'flare', 'flash', 'flicker', 'fluoresce', 'glare', 'gleam', 'glimmer', 'glint', 'glisten', 'glitter', 'glow', 'incandesce', 'scintillate', 'shimmer', 'shine', 'sparkle', 'twinkle']"
121,43,substance_emission-43.4-1,https://verbs.colorado.edu/verb-index/vn/substance_emission-43.4.php,bled,['I bled him.'],['bleed']
122,43,sound_emission-43.2-1,https://verbs.colorado.edu/verb-index/vn/sound_emission-43.2.php,chimed,['The bell chimed the hour.'],[]
123,45,cooking-45.3,https://verbs.colorado.edu/verb-index/vn/cooking-45.3.php,baked,[ 'Jennifer baked the potatoes in the oven.'],"['bake', 'barbecue', 'barbeque', 'blanch', 'boil', 'braise', 'broil', 'brown', 'char', 'charbroil', 'charcoal-broil', 'coddle', 'cook', 'crisp', 'deep-fry', 'french-fry', 'fry', 'grill', 'hardboil', 'heat', 'microwave', 'oven-fry', 'oven-poach', 'overbake', 'overcook', 'overheat', 'pan-broil', 'pan-fry', 'parboil', 'parch', 'percolate', 'perk', 'pickle', 'plank', 'poach', 'pot-roast', 'reheat', 'rissole', 'roast', 'saute', 'scald', 'scallop', 'sear', 'shirr', 'simmer', 'softboil', 'steam', 'steam-bake', 'steep', 'stew', 'stir-fry', 'toast', 'warm_up']"
124,45,other_cos-45.4,https://verbs.colorado.edu/verb-index/vn/other_cos-45.4.php,dried,[ 'Bill dried the clothes with a hairdryer.'],"['abate', 'abbreviate', 'abrade', 'abridge', 'accelerate', 'acetify', 'acidify', 'activate', 'advance', 'age', 'agglomerate', 'air', 'alkalify', 'alkalize', 'alter', 'ameliorate', 'americanize', 'amplify', 'anglicize', 'atomize', 'attenuate', 'augment', 'balance', 'beautify', 'bifurcate', 'bisect', 'blacken', 'bleach', 'blunt', 'blur', 'bolshevize', 'brighten', 'broaden', 'burn', 'burst', 'calcify', 'capsize', 'caramelize', 'carbonize', 'centralize', 'change', 'char', 'cheapen', 'cheer_up', 'chill', 'civilize', 'clarify', 'clean', 'clear', 'clog', 'close', 'cloud', 'coagulate', 'coarsen', 'collapse', 'collect', 'combust', 'compact', 'compress', 'condense', 'congeal', 'constrict', 'contract', 'cool', 'corrode', 'corrugate', 'corrupt', 'crimson', 'crisp', 'crumble', 'crystallize', 'curdle', 'dampen', 'darken', 'de-escalate', 'decelerate', 'decentralize', 'decompress', 'decrease', 'deepen', 'deflate', 'deflect', 'defrost', 'degenerate', 'degrade', 'dehydrate', 'demagnetize', 'democratize', 'depressurize', 'derail', 'desiccate', 'destabilize', 'deteriorate', 'detonate', 'devalue', 'diffuse', 'dilate', 'dilute', 'dim', 'diminish', 'dirty', 'disband', 'discolor', 'disintegrate', 'disperse', 'dissipate', 'dissolve', 'diversify', 'divide', 'double', 'downshift', 'drain', 'dull', 'ease', 'effeminate', 'emaciate', 'empty', 'emulsify', 'energize', 'enlarge', 'equalize', 'equilibrate', 'escalate', 'evaporate', 'even', 'exfoliate', 'expand', 'explode', 'fade', 'famish', 'fatten', 'federate', 'feminize', 'fill', 'firm', 'flatten', 'flood', 'fluff', 'fossilize', 'fray', 'freckle', 'freshen', 'frost', 'fructify', 'fuse', 'gasify', 'gelatinize', 'gentrify', 'germanize', 'gladden', 'globalize', 'glutenize', 'granulate', 'gray', 'grow', 'halt', 'harden', 'harmonize', 'hasten', 'heal', 'heat', 'heighten', 'hellenize', 'hush', 'hybridize', 'hydrate', 'hydrolize', 'ignite', 'improve', 'increase', 'incubate', 'indurate', 'industrialize', 'inflate', 'intensify', 'internationalize', 'ionize', 'kindle', 'laminate', 'lengthen', 'lessen', 'level', 'levitate', 'liberalize', 'lignify', 'liquefy', 'liquify', 'liven', 'loop', 'loose', 'loosen', 'macerate', 'mature', 'mellow', 'metabolize', 'mitigate', 'mobilize', 'moderate', 'modernize', 'modify', 'modulate', 'moisten', 'multiply', 'mummify', 'narrow', 'nationalize', 'naturalize', 'neutralize', 'normalize', 'occlude', 'open', 'operate', 'ossify', 'overturn', 'oxidize', 'pale', 'petrify', 'plump', 'polarize', 'polymerize', 'pop', 'privatize', 'proliferate', 'propagate', 'pulverize', 'puncture', 'purify', 'purple', 'putrefy', 'quadruple', 'quicken', 'quiet', 'quieten', 'rarefy', 'redden', 'redouble', 'refine', 'reform', 'rekindle', 'renew', 'reopen', 'replicate', 'reproduce', 'resuscitate', 'reverse', 'revive', 'ripen', 'root', 'roughen', 'rupture', 'saponify', 'scorch', 'sear', 'section', 'sensitize', 'sharpen', 'short', 'short-circuit', 'shorten', 'shrink', 'shrivel', 'shush', 'shut', 'sicken', 'silicify', 'silver', 'sink', 'slack', 'slacken', 'slim', 'slow', 'smarten', 'smooth', 'smoothen', 'soak', 'sober', 'soften', 'solidify', 'sour', 'souse', 'sprout', 'stabilize', 'standardize', 'steady', 'steep', 'steepen', 'stiffen', 'strangulate', 'stratify', 'strengthen', 'submerge', 'sunburn', 'sweeten', 'tame', 'tan', 'taper', 'tatter', 'tauten', 'tenderize', 'tense', 'thicken', 'thin', 'tighten', 'tilt', 'tire', 'tone', 'topple', 'toughen', 'tranquilize', 'treble', 'trigger', 'trip', 'triple', 'ulcerate', 'unionize', 'upload', 'vaporize', 'vary', 'vibrate', 'vitrify', 'volatilize', 'vulcanize', 'wake', 'waken', 'warm', 'weaken', 'westernize', 'wet', 'whiten', 'widen', 'wizen', 'worsen', 'yellow']"
125,45,calibratable_cos-45.6-1,https://verbs.colorado.edu/verb-index/vn/calibratable_cos-45.6.php,soared,"[""Oil's price soared.""]","['advance', 'appreciate', 'balloon', 'climb', 'decline', 'decrease', 'depreciate', 'diminish', 'dip', 'drop', 'dwindle', 'explode', 'fall', 'fluctuate', 'gain', 'grow', 'increase', 'jump', 'lower', 'move', 'mushroom', 'plummet', 'plump', 'plunge', 'retreat', 'rise', 'rocket', 'seesaw', 'shift', 'skyrocket', 'slide', 'slip', 'soar', 'surge', 'swell', 'swing', 'tumble', 'vary']"
126,45,remedy-45.7,https://verbs.colorado.edu/verb-index/vn/remedy-45.7.php,repaired,['Bill repaired the tractor with duct tape.'],"['abase', 'africanize', 'alcoholize', 'alleviate', 'anesthetize', 'animate', 'backfill', 'bastardize', 'bedew', 'blast', 'blemish', 'bloody', 'botch', 'bowdlerize', 'bungle', 'capacitate', 'carbonify', 'castrate', 'categorize', 'catholicize', 'cauterize', 'chamfer', 'chlorinate', 'christianize', 'circumcise', 'circumscribe', 'coif', 'commercialize', 'configure', 'conflate', 'constipate', 'constringe', 'construct', 'contextualize', 'correct', 'counteract', 'cremate', 'deafen', 'debase', 'deconstruct', 'dehumidify', 'delineate', 'demean', 'dement', 'demobilize', 'desalinate', 'desensitize', 'diffract', 'disable', 'dishevel', 'disinfect', 'disinter', 'dislocate', 'disorganize', 'dispel', 'domesticate', 'edify', 'emasculate', 'embitter', 'embrocate', 'enhance', 'enunciate', 'eternalize', 'eternize', 'europeanize', 'exacerbate', 'exhume', 'expropriate', 'extinguish', 'fanaticize', 'federalize', 'fertilize', 'flouridate', 'fortify', 'grade', 'halve', 'homogenize', 'humanize', 'humidify', 'hydrogenate', 'ice', 'immortalize', 'inactivate', 'incinerate', 'inseminate', 'inspissate', 'invert', 'iodize', 'light', 'lighten', 'magnetize', 'magnify', 'manure', 'marginalize', 'mechanize', 'medicate', 'militarize', 'mineralize', 'miniaturize', 'minimize', 'mishandle', 'mismanage', 'motorize', 'muddy', 'mummify', 'mute', 'nasalize', 'nitrify', 'objectify', 'obscure', 'obviate', 'overshadow', 'oxygenate', 'paralyze', 'pasteurize', 'perfect', 'perpetuate', 'pink', 'pollard', 'popularize', 'prejudge', 'prettify', 'publicize', 'reanimate', 'rectify', 'redact', 'refract', 'regularize', 'remaster', 'remedy', 'repair', 'revise', 'secularize', 'sensationalize', 'shortchange', 'silence', 'singe', 'sinter', 'sovietize', 'sterilize', 'streamline', 'subvert', 'sulfurize', 'tabulate', 'taiwanize', 'tart', 'tousle', 'transplant', 'traumatize', 'trivialize', 'truncate', 'underfeed', 'upload', 'urbanize', 'ventilate', 'vulgarize']"
127,45,calibratable_cos-45.6,https://verbs.colorado.edu/verb-index/vn/calibratable_cos-45.6.php,soared,['The price of oil soared.'],['multiply']
128,47,exist-47.1,https://verbs.colorado.edu/verb-index/vn/exist-47.1.php,exist,"[""Unicorns don't exist on Earth.""]",['overspread']
129,47,exist-47.1-1-1,https://verbs.colorado.edu/verb-index/vn/exist-47.1.php,endured,['I endured the routine heavy traffic.'],"['endure', 'survive']"
130,47,entity_specific_modes_being-47.2,https://verbs.colorado.edu/verb-index/vn/entity_specific_modes_being-47.2.php,raged,['A fire raged in the mountains.'],"['billow', 'bloom', 'blossom', 'bristle', 'bulge', 'burn', 'effervesce', 'fester', 'fizz', 'flow', 'flower', 'flux', 'foam', 'froth', 'moil', 'propagate', 'rage', 'ripple', 'roil', 'seethe', 'smolder', 'sprout']"
131,47,bulge-47.5.3,https://verbs.colorado.edu/verb-index/vn/bulge-47.5.3.php,bulging,['The bag is bulging with groceries.'],"['bristle', 'bulge', 'buzz', 'hum', 'hyperventilate', 'seethe']"
132,47,contiguous_location-47.8-2,https://verbs.colorado.edu/verb-index/vn/contiguous_location-47.8.php,dominated,['DEC has often dominated.'],['dominate']
133,47,spatial_configuration-47.6,https://verbs.colorado.edu/verb-index/vn/spatial_configuration-47.6.php,slouched,['John slouched.'],"['balance', 'bend', 'bow', 'crouch', 'dangle', 'droop', 'flop', 'fly', 'hang', 'hover', 'huddle', 'hunch', 'jut', 'kneel', 'lean', 'lie', 'loll', 'loom', 'lounge', 'nestle', 'open', 'perch', 'plop', 'project', 'protrude', 'recline', 'repose', 'rest', 'rise', 'roost', 'sag', 'sit', 'slope', 'slouch', 'slump', 'sprawl', 'squat', 'stand', 'stoop', 'straddle', 'swag', 'swing', 'tilt', 'tower', 'yaw']"
134,48,reflexive_appearance-48.1.2,https://verbs.colorado.edu/verb-index/vn/reflexive_appearance-48.1.2.php,presented,['I presented a solution to him.'],"['announce', 'assert', 'declare', 'define', 'display', 'exhibit', 'expose', 'express', 'flaunt', 'form', 'intrude', 'manifest', 'offer', 'pose', 'present', 'proffer', 'propose', 'reassert', 'recommend', 'reveal', 'shape', 'show', 'suggest']"
135,48,disappearance-48.2,https://verbs.colorado.edu/verb-index/vn/disappearance-48.2.php,vanished,['A valuable manuscript vanished from the library.'],"['die', 'disappear', 'expire', 'lapse', 'perish', 'vanish']"
136,48,occurrence-48.3,https://verbs.colorado.edu/verb-index/vn/occurrence-48.3.php,happened,['A serious accident happened in front of them.'],"['befall', 'chance', 'develop', 'ensue', 'eventuate', 'follow', 'happen', 'occur', 'pass', 'recur', 'result', 'take', 'transpire']"
137,51,escape-51.1-3,https://verbs.colorado.edu/verb-index/vn/escape-51.1.php,climbed,['He climbed the mountain.'],"['ascend', 'climb', 'cross', 'descend']"
138,51,leave-51.2,https://verbs.colorado.edu/verb-index/vn/leave-51.2.php,abandoned,['We abandoned the area.'],"['abandon', 'split']"
139,51,leave-51.2-1,https://verbs.colorado.edu/verb-index/vn/leave-51.2.php,left,['The crowd left.'],"['desert', 'leave']"
140,51,waltz-51.5,https://verbs.colorado.edu/verb-index/vn/waltz-51.5.php,waltzed,['He waltzed her across the floor.'],"['boogie', 'bop', 'cancan', 'clog', 'conga', 'dance', 'foxtrot', 'jig', 'jitterbug', 'jive', 'pirouette', 'polka', 'quickstep', 'rumba', 'samba', 'shuffle', 'squaredance', 'tango', 'tapdance', 'waltz']"
141,51,run-51.3.2-2,https://verbs.colorado.edu/verb-index/vn/run-51.3.2.php,jumped,['Tom jumped the horse over the fence.'],"['back', 'bounce', 'bowl', 'canter', 'coast', 'dart', 'dash', 'drift', 'float', 'gallop', 'glide', 'hasten', 'hobble', 'hurry', 'hurtle', 'inch', 'lope', 'march', 'prance', 'race', 'roll', 'scoot', 'skip', 'skitter', 'slide', 'sneak', 'speed', 'strut', 'tack', 'trip', 'trot', 'fly', 'jog', 'jump', 'march', 'parade', 'promenade', 'run', 'rush', 'walk']"
142,52,avoid-52,https://verbs.colorado.edu/verb-index/vn/avoid-52.php,avoided,['He avoided going to the area.'],"['avoid', 'boycott', 'circumvent', 'dodge', 'duck', 'elude', 'eschew', 'evade', 'forgo', 'shun', 'sidestep']"
143,53,linger-53.1-1,https://verbs.colorado.edu/verb-index/vn/linger-53.1.php,delayed,['He delayed the watering.'],"['delay', 'scruple', 'stall']"
144,54,register-54.1-1,https://verbs.colorado.edu/verb-index/vn/register-54.1.php,weighted,['The package weighed ten pounds.'],"['measure', 'read', 'register', 'total', 'weigh']"
145,54,cost-54.2,https://verbs.colorado.edu/verb-index/vn/cost-54.2.php,cost,['The bill will cost them 500 million dollars.'],"['carry', 'cost', 'last', 'net', 'take']"
146,54,fit-54.3,https://verbs.colorado.edu/verb-index/vn/fit-54.3.php,sleep,['We sleep/ fit five people in each room.'],"['carry', 'contain', 'feed', 'fit', 'hibernate', 'hold', 'house', 'reseat', 'seat', 'serve', 'sleep', 'store', 'take', 'use']"
147,55,begin-55.1,https://verbs.colorado.edu/verb-index/vn/begin-55.1.php,began,['He began to pack.'],"['go_on', 'pledge', 'proceed']"
148,55,begin-55.1-1,https://verbs.colorado.edu/verb-index/vn/begin-55.1.php,began,['The party began with a bang.'],"['begin', 'commence', 'recommence', 'resume', 'start', 'start_off', 'undertake']"
149,55,continue-55.3,https://verbs.colorado.edu/verb-index/vn/continue-55.3.php,continued,['The party continued until 8 PM.'],['continue']
150,55,sustain-55.6,https://verbs.colorado.edu/verb-index/vn/sustain-55.6.php,maintained,['I maintained a strong government through ruthless domination.'],"['carry_on', 'continue', 'keep', 'keep_up', 'maintain', 'prolong', 'protract', 'sustain']"
151,56,weekend-56,https://verbs.colorado.edu/verb-index/vn/weekend-56.php,summered,['My family always summered at the seashore.'],"['December', 'holiday', 'honeymoon', 'junket', 'overnight', 'sojourn', 'summer', 'vacation', 'weekend', 'winter']"
152,57,weather-57,https://verbs.colorado.edu/verb-index/vn/weather-57.php,pelting,['It was pelting with rain.'],"['blow', 'bucket', 'clear', 'drizzle', 'fog', 'freeze', 'frost', 'gust', 'hail', 'howl', 'lightning', 'mist', 'mizzle', 'pelt', 'pour', 'precipitate', 'rain', 'roar', 'shower', 'sleet', 'snow', 'spit', 'spot', 'sprinkle', 'storm', 'swelter', 'teem', 'thaw', 'thunder']"
153,58,urge-58.1,https://verbs.colorado.edu/verb-index/vn/urge-58.1.php,advised,['I advised him to come.'],"['admonish', 'advise', 'ask', 'badger', 'beg', 'egg_on', 'entreat', 'exhort', 'extort', 'implore', 'lobby', 'press', 'urge']"
154,60,order-60-1,https://verbs.colorado.edu/verb-index/vn/order-60.php,ordered,['John ordered that she come immediately.'],"['ask', 'command', 'demand', 'order', 'require']"
155,61,try-61,https://verbs.colorado.edu/verb-index/vn/try-61.php,tried,['I tried the exercise routine.'],"['attempt', 'intend', 'try']"
156,63,enforce-63,https://verbs.colorado.edu/verb-index/vn/enforce-63.php,impose,['I cannot impose my opinion.'],"['control', 'enforce', 'impose']"
157,64,allow-64,https://verbs.colorado.edu/verb-index/vn/allow-64.php,allow,['They allow us to be smokers.'],"['allow', 'approve', 'permit', 'sanction', 'tolerate']"
158,66,consume-66,https://verbs.colorado.edu/verb-index/vn/consume-66.php,spent,['I spent all that time.'],"['consume', 'pass', 'use']"
159,67,forbid-67,https://verbs.colorado.edu/verb-index/vn/forbid-67.php,forbid,['The rules forbid us from smoking.'],"['ban', 'bar', 'block', 'deter', 'discourage', 'dissuade', 'forbid', 'hamper', 'hinder', 'impede', 'inhibit', 'obstruct', 'preclude', 'prevent', 'prohibit', 'restrain', 'stop']"
160,69,refrain-69,https://verbs.colorado.edu/verb-index/vn/refrain-69.php,refrained,"[""He refrained from the lurid activity while in the lady's company.""]","['abstain', 'desist', 'forbear', 'refrain']"
161,70,rely-70,https://verbs.colorado.edu/verb-index/vn/rely-70.php,relies,['She relies on him coming back in time.'],"['bank', 'bargain', 'bet', 'count', 'depend', 'figure', 'gamble', 'reckon', 'rely', 'take_a_chance', 'wager']"
162,71,conspire-71,https://verbs.colorado.edu/verb-index/vn/conspire-71.php,conspired,['John conspired with Sarah.'],"['ally', 'befriend', 'collaborate', 'collude', 'conspire', 'discriminate', 'legislate', 'partner', 'protest', 'rebel', 'retaliate', 'scheme', 'sin', 'team_up']"
163,72,benefit-72.1,https://verbs.colorado.edu/verb-index/vn/benefit-72.1.php,benefit,['Minorities benefit from the program.'],"['benefit', 'profit']"
164,73,cooperate-73-1,https://verbs.colorado.edu/verb-index/vn/cooperate-73.php,collaborated,['John collaborated with Paul on the task.'],"['collaborate', 'cooperate', 'join']"
165,73,cooperate-73-2,https://verbs.colorado.edu/verb-index/vn/cooperate-73.php,participated,['They participated in the task.'],['participate']
166,74,succeed-74-1-1,https://verbs.colorado.edu/verb-index/vn/succeed-74.php,pass,['I managed to pass the test.'],['manage']
167,76,limit-76,https://verbs.colorado.edu/verb-index/vn/limit-76.php,limited,['The lack of money limited them to helping to our peers.'],"['confine', 'constrain', 'limit', 'reduce', 'restrain', 'restrict']"
168,78,indicate-78,https://verbs.colorado.edu/verb-index/vn/indicate-78.php,indicates,['This indicates how she did it.'],"['anticipate', 'corroborate', 'denote', 'expose', 'forebode', 'imply', 'predict', 'prognosticate']"
169,79,dedicate-79,https://verbs.colorado.edu/verb-index/vn/dedicate-79.php,dedicated,['I dedicated myself to helping us.'],"['commit', 'dedicate', 'devote']"
170,81,suspect-81,https://verbs.colorado.edu/verb-index/vn/suspect-81.php,suspected,['I suspected him of infidelity.'],"['accuse', 'condemn', 'suspect']"
171,82,withdraw-82-1,https://verbs.colorado.edu/verb-index/vn/withdraw-82.php,backed,['He backed out of the trip.'],"['back_out', 'bow_out', 'chicken_out', 'get_out', 'pull_out', 'wriggle_out']"
172,82,withdraw-82-2,https://verbs.colorado.edu/verb-index/vn/withdraw-82.php,got,"['He got away from the area.',]","['back_off', 'get_away']"
173,82,withdraw-82-3,https://verbs.colorado.edu/verb-index/vn/withdraw-82.php,withdrew,['He withdrew from the trip.'],"['pull_away', 'retire', 'retreat', 'withdraw']"
174,83,cope-83,https://verbs.colorado.edu/verb-index/vn/cope-83.php,managed,['He managed with dealing the cards.'],['deal']
175,84,discover-84,https://verbs.colorado.edu/verb-index/vn/discover-84.php,discovered,[ 'I discovered what he should do.'],"['ascertain', 'chance_across', 'chance_on', 'deduce', 'determine', 'discover', 'find', 'guess', 'rationalize', 'realize', 'relearn', 'scent_out', 'solve']"
176,84,discover-84-1-1,https://verbs.colorado.edu/verb-index/vn/discover-84.php,learned,['I learned about what he drank.'],"['figure_out', 'find_out', 'hear', 'learn', 'read', 'study']"
177,86,correlate-86.1,https://verbs.colorado.edu/verb-index/vn/correlate-86.1.php,alternates,['He alternates with keeping them.'],"['alternate', 'co-occur', 'coincide', 'correlate', 'flip-flop']"
178,86,relate-86.2-1,https://verbs.colorado.edu/verb-index/vn/relate-86.2.php,concerns,['This concerns both of us.'],"['bear_on', 'concern', 'involve', 'touch', 'touch_on']"
179,86,relate-86.2-2,https://verbs.colorado.edu/verb-index/vn/relate-86.2.php,pertains,['This pertains to both of us.'],"['pertain', 'refer', 'relate']"
180,87,comprehend-87.2,https://verbs.colorado.edu/verb-index/vn/comprehend-87.2.php,understand,['I understand the problem.'],"['misapprehend', 'misconstrue', 'misinterpret', 'misunderstand']"
181,87,comprehend-87.2-1,https://verbs.colorado.edu/verb-index/vn/comprehend-87.2.php,understand,['I understand him to be a good doctor.'],"['apprehend', 'comprehend', 'fathom', 'follow', 'grasp', 'understand']"
182,88,care-88.1,https://verbs.colorado.edu/verb-index/vn/care-88.1.php,care,"[""He doesn't care that she comes.""]",['mind']
183,89,settle-89,https://verbs.colorado.edu/verb-index/vn/settle-89.php,settled,[ 'I settled with them on a novel proposal.'],"['bargain', 'cohere', 'concur', 'consent', 'contract', 'covenant', 'harmonize', 'jibe', 'resolve', 'settle', 'square']"
184,90,exceed-90,https://verbs.colorado.edu/verb-index/vn/exceed-90.php,exceeds,['Her performance exceeds our expectations.'],"['overcome', 'overleap', 'transcend']"
185,90,exceed-90-1,https://verbs.colorado.edu/verb-index/vn/exceed-90.php,exceeeded,['She exceeded him in speed by two miles per hour.'],"['better', 'exceed', 'lap', 'outbid', 'outdo', 'outmatch', 'outnumber', 'outrace', 'outshine', 'outsmart', 'outstrip', 'outweigh', 'outwit', 'overreach', 'overstep', 'surpass', 'top']"
186,91,matter-91,https://verbs.colorado.edu/verb-index/vn/matter-91.php,matters,['It matters to me that they were wrong.'],"['count', 'matter']"
187,93,adopt-93,https://verbs.colorado.edu/verb-index/vn/adopt-93.php,assume,"['Soon, the new President will assume office.']","['adopt', 'assume', 'take_on', 'take_over']"
188,94,risk-94,https://verbs.colorado.edu/verb-index/vn/risk-94.php,risk,['I cannot risk my job.'],"['bet', 'gamble', 'punt', 'venture', 'wager']"
189,97,base-97.1,https://verbs.colorado.edu/verb-index/vn/base-97.1.php,based,['We based our plans on his information.'],"['base', 'build', 'construe', 'establish', 'found', 'ground']"
190,97,deduce-97.2,https://verbs.colorado.edu/verb-index/vn/deduce-97.2.php,deducted,['He deduced the truth from the facts.'],"['conceive', 'conclude', 'deduce', 'deduct', 'derive', 'disprove', 'gather', 'infer', 'prove', 'rationalize', 'reason', 'reason_out']"
191,98,confront-98,https://verbs.colorado.edu/verb-index/vn/confront-98.php,confronted,['John confronted the disaster.'],"['approach', 'brave', 'breast', 'combat', 'confront', 'counter', 'face', 'go_about', 'handle', 'head_on', 'intercept', 'pre-empt', 'rival', 'set_about', 'tackle', 'take_on', 'target', 'undertake']"
192,99,ensure-99,https://verbs.colorado.edu/verb-index/vn/ensure-99.php,ensured,['Our exertions ensured us a good outcome.'],"['ascertain', 'assure', 'ensure', 'guarantee', 'insure', 'reinsure', 'secure']"
193,103,require-103,https://verbs.colorado.edu/verb-index/vn/require-103.php,requires,['Success requires hard work from us.'],"['demand', 'involve', 'necessitate', 'need', 'require', 'take']"
194,104,spend_time-104,https://verbs.colorado.edu/verb-index/vn/spend_time-104.php,misspent,['I misspent 5 hours.'],"['misspend', 'pass', 'serve']"
195,105,use-105,https://verbs.colorado.edu/verb-index/vn/use-105.php,used,['I used the cupboard to store food.'],"['apply', 'employ', 'exert', 'exploit', 'reuse', 'use', 'utilize']"
196,107,involve-107,https://verbs.colorado.edu/verb-index/vn/involve-107.php,thoughlessly,['They thoughtlessly involved me.'],"['engage', 'enroll', 'include', 'involve', 'relate']"
197,108,multiply-108,https://verbs.colorado.edu/verb-index/vn/multiply-108.php,summed,['I summed the numbers.'],"['add', 'count', 'sum', 'tally']"
198,109,become-109.1,https://verbs.colorado.edu/verb-index/vn/become-109.1.php,came,['The belt came undone'],"['come', 'come_out', 'fall', 'get', 'go', 'grow', 'turn', 'turn_up']"
199,109,become-109.1-1,https://verbs.colorado.edu/verb-index/vn/become-109.1.php,became,['He became a banker.'],"['become', 'end_up', 'leave']"
200,109,become-109.1-1-1,https://verbs.colorado.edu/verb-index/vn/become-109.1.php,seems,['The matter seems in dispute.'],"['end_up', 'leave']"
